tenor,months,trades,quote_pct,iqr_bp,within_1bp_of_quote,raw_median_pct,raw_iqr_bp,notional_usd,loading,used_in_bootstrap
1M,1,8,3.8974,0.07,8,3.8974,0.07,9667370000,0.0,True
2M,2,5,3.9683,0.15,5,3.9678,0.15,3393000000,0.041,True
3M,3,17,4.0319,0.29,17,4.0295,0.3,8813000000,0.0819,True
4M,4,10,4.1031,0.17,10,4.0991,0.36,4320000000,0.1502,True
6M,6,10,4.2057,0.26,10,4.2007,0.66,920645000,0.1356,True
9M,9,4,4.3699,0.5,4,4.3492,1.05,182000000,0.3133,False
1Y,12,41,4.4987,0.65,35,4.4778,3.33,5313165000,0.491,True
18M,18,9,4.5868,0.27,8,4.5691,4.52,226120000,0.8582,True
2Y,24,51,4.6358,0.35,44,4.606,5.61,4003550000,1.0,True
3Y,36,25,4.6342,0.51,24,4.6206,4.5,1434075000,1.0,True
4Y,48,33,4.6107,0.61,31,4.5612,5.19,619140000,1.0,True
5Y,60,76,4.5968,0.57,69,4.5803,4.21,4625250000,1.0,True
6Y,72,12,4.5917,0.5,12,4.5778,4.31,389150000,1.0,True
7Y,84,42,4.5923,0.72,38,4.5732,5.06,1903465000,1.0,True
8Y,96,8,4.5964,0.47,8,4.5411,5.77,114257000,1.0,True
9Y,108,8,4.6107,0.34,8,4.5897,2.37,127170000,1.0,True
10Y,120,99,4.6208,0.78,88,4.6067,2.21,2757117700,1.0,True
12Y,144,5,4.6582,0.17,4,4.6455,1.71,86460000,1.0,True
15Y,180,7,4.7085,0.45,6,4.6982,2.15,76740000,1.0,True
20Y,240,6,4.7477,0.08,4,4.7278,3.74,42320000,1.0,True
25Y,300,2,4.7189,0.03,2,4.7146,0.21,5670000,1.0,False
30Y,360,51,4.6637,0.79,47,4.6495,2.21,600100000,1.0,True
