instrument,market_pct,implied_A_pct,error_A_bp,implied_B_pct,error_B_bp
O/N,3.850000,3.850000,-9.090e-12,3.850000,-9.090e-12
T/N,3.850000,3.850000,5.238e-10,3.850000,-2.755e-10
1M,3.897400,3.897400,1.395e-11,3.897400,-1.263e-11
2M,3.968300,3.968300,-4.191e-11,3.968300,-3.261e-12
3M,4.031900,4.031900,-4.642e-11,4.031900,-2.498e-12
4M,4.103100,4.103100,-1.467e-10,4.103100,-2.567e-12
1Y,4.498700,4.498700,-9.506e-12,4.498700,1.388e-12
18M,4.586800,4.586800,-6.245e-13,4.586800,-2.082e-13
2Y,4.635800,4.635800,9.190e-10,4.635800,9.714e-13
3Y,4.634200,4.634200,6.939e-14,4.634200,4.163e-13
4Y,4.610700,4.610700,4.372e-12,4.610700,6.939e-14
5Y,4.596800,4.596800,4.857e-13,4.596800,2.776e-13
6Y,4.591700,4.591700,-2.776e-13,4.591700,4.857e-13
7Y,4.592300,4.592300,-2.082e-13,4.592300,-6.939e-14
8Y,4.596400,4.596400,-5.551e-13,4.596400,3.469e-13
9Y,4.610700,4.610700,-5.412e-12,4.610700,2.776e-13
10Y,4.620800,4.620800,-1.527e-12,4.620800,4.163e-13
12Y,4.658200,4.658200,-3.483e-11,4.658200,3.469e-13
15Y,4.708500,4.708500,-1.388e-13,4.708500,2.082e-13
20Y,4.747700,4.747700,0.000e+00,4.747700,1.388e-13
30Y,4.663700,4.663700,3.518e-11,4.663700,2.082e-13
